AI,
AI content detection,
AI-generated audio,
AI-generated content,
AI-generated content detection,
AI-generated images,
AI-generated text,
AI-generated video,
AI model,
AI models,
artificial intelligence,
artificial intelligence model,
artificial intelligence models,
attention model,
automation,
BERT,
GPT-style,
BERT/GPT-style model,
conversational models,
creative AI,
deep learning model,
deep learning models,
deepfakes,
generation models,
generative AI,
language model,
language models,
large language model,
large language models,
LLM,
LLMs,
machine-generated content,
machine learning,
neural language model,
neural language models,
synthetic media,
virtual agents
